{
  "run_id": "20260227_014029",
  "validation": {
    "mae": 4.59943239693289,
    "rmse": 6.545518329786194,
    "mape": 41.86535633353995,
    "r2": 0.2802633905235913
  },
  "test": {
    "mae": 4.855341864015095,
    "rmse": 6.087413692061915,
    "mape": 42.0070846743425,
    "r2": -0.2423678659357893
  }
}