{
  "run_id": "20260227_015242",
  "validation": {
    "mae": 4.584738913665908,
    "rmse": 6.524786827480116,
    "mape": 41.52468114446386,
    "r2": 0.28481538795786565
  },
  "test": {
    "mae": 4.811099491877922,
    "rmse": 6.031642552285296,
    "mape": 41.86482721452903,
    "r2": -0.21970770983389776
  },
  "segment_mae": {
    "intra_state": {
      "mae": 3.0604802606912607,
      "n": 5925
    },
    "inter_state": {
      "mae": 6.024815726933033,
      "n": 8546
    }
  },
  "test_by_band": {
    "y_true_le_30": {
      "mae": 4.667346662742156,
      "r2": -0.4570037288042019,
      "n": 14366
    },
    "y_true_gt_30": {
      "mae": 24.479224666777114,
      "r2": -4.629682824430921,
      "n": 105
    }
  }
}