{
  "run_id": "20260227_015242",
  "model_type": "xgboost",
  "hyperparameters": {
    "n_estimators": 150,
    "max_depth": 4,
    "learning_rate": 0.05,
    "reg_alpha": 0.1,
    "reg_lambda": 1.0
  },
  "target": "delivery_duration_days",
  "target_log_transform": true,
  "target_winsorize_p99": false,
  "target_cap_p99": null,
  "train_frac": 0.7,
  "val_frac": 0.15,
  "test_frac": 0.15,
  "feature_set": {
    "numeric": [
      "intra_state",
      "total_freight_value",
      "freight_ratio",
      "average_weight_per_item",
      "avg_item_price",
      "total_weight_g",
      "total_order_value",
      "total_volume_cm3",
      "bulky_flag",
      "item_count",
      "inter_state_x_bulky_flag"
    ],
    "categorical": [
      "primary_category",
      "payment_type_primary",
      "seller_state",
      "customer_state",
      "customer_region",
      "seller_region",
      "region_to_region",
      "distance_km_bucket"
    ]
  },
  "validation_metrics": {
    "mae": 4.584738913665908,
    "rmse": 6.524786827480116,
    "mape": 41.52468114446386,
    "r2": 0.28481538795786565
  },
  "test_metrics": {
    "mae": 4.811099491877922,
    "rmse": 6.031642552285296,
    "mape": 41.86482721452903,
    "r2": -0.21970770983389776
  },
  "val_test_gap_mae": 0.22636057821201394,
  "val_test_gap_r2": -0.5045230977917634,
  "ridge_val_metrics": {
    "mae": 4.607408043035113,
    "rmse": 6.537091547375976,
    "mape": 40.81793232681375,
    "r2": 0.28211539348981407
  },
  "ridge_test_metrics": {
    "mae": 4.790933550903842,
    "rmse": 7.21781032863532,
    "mape": 41.26363552892672,
    "r2": -0.7466082489237222
  },
  "ridge_raw_val_metrics": {
    "mae": 5.307154598732864,
    "rmse": 6.956771275822139,
    "mape": 41.01035578386597,
    "r2": 0.18698051013499495
  },
  "ridge_raw_test_metrics": {
    "mae": 5.967816844180671,
    "rmse": 7.173386677591731,
    "mape": 45.062450254375804,
    "r2": -0.7251746182217604
  },
  "log_vs_raw_comparison": {
    "ridge_log_val_mae": 4.607408043035113,
    "ridge_log_test_mae": 4.790933550903842,
    "ridge_raw_val_mae": 5.307154598732864,
    "ridge_raw_test_mae": 5.967816844180671
  },
  "tree_val_metrics": {
    "mae": 4.584738913665908,
    "rmse": 6.524786827480116,
    "mape": 41.52468114446386,
    "r2": 0.28481538795786565
  },
  "tree_test_metrics": {
    "mae": 4.811099491877922,
    "rmse": 6.031642552285296,
    "mape": 41.86482721452903,
    "r2": -0.21970770983389776
  },
  "notes": "Best model by validation MAE. Tree: stronger reg (max_depth 4-5, reg_alpha/lambda). Log vs raw: Ridge comparison.",
  "ridge_coefficients": null,
  "feature_importance": {
    "intra_state": 0.502568244934082,
    "total_freight_value": 0.018995527178049088,
    "freight_ratio": 0.0021558643784374,
    "average_weight_per_item": 0.002470239531248808,
    "avg_item_price": 0.0016594119369983673,
    "total_weight_g": 0.0030780688393861055,
    "total_order_value": 0.0014747095992788672,
    "total_volume_cm3": 0.0021213244181126356,
    "bulky_flag": 0.0,
    "item_count": 0.008780689910054207,
    "inter_state_x_bulky_flag": 0.0,
    "primary_category___missing__": 0.002310271607711911,
    "primary_category_agro_industria_e_comercio": 0.0,
    "primary_category_alimentos": 0.0004786121135111898,
    "primary_category_alimentos_bebidas": 0.0,
    "primary_category_artes": 0.0,
    "primary_category_artes_e_artesanato": 0.0,
    "primary_category_artigos_de_festas": 0.0,
    "primary_category_artigos_de_natal": 0.0,
    "primary_category_audio": 0.0,
    "primary_category_automotivo": 0.0011768359690904617,
    "primary_category_bebes": 0.0010459509212523699,
    "primary_category_bebidas": 0.0,
    "primary_category_beleza_saude": 0.001535832416266203,
    "primary_category_brinquedos": 0.003593005705624819,
    "primary_category_cama_mesa_banho": 0.00588651467114687,
    "primary_category_casa_conforto": 0.0009587801177985966,
    "primary_category_casa_conforto_2": 0.0,
    "primary_category_casa_construcao": 0.0,
    "primary_category_cds_dvds_musicais": 0.0,
    "primary_category_cine_foto": 0.0,
    "primary_category_climatizacao": 0.0,
    "primary_category_consoles_games": 0.0020047868601977825,
    "primary_category_construcao_ferramentas_construcao": 0.00011126418394269422,
    "primary_category_construcao_ferramentas_ferramentas": 0.0,
    "primary_category_construcao_ferramentas_iluminacao": 0.0,
    "primary_category_construcao_ferramentas_jardim": 0.0,
    "primary_category_construcao_ferramentas_seguranca": 0.0,
    "primary_category_cool_stuff": 0.005590368993580341,
    "primary_category_dvds_blu_ray": 0.0,
    "primary_category_eletrodomesticos": 0.0,
    "primary_category_eletrodomesticos_2": 0.00037409632932394743,
    "primary_category_eletronicos": 0.0018588588573038578,
    "primary_category_eletroportateis": 0.002751984866335988,
    "primary_category_esporte_lazer": 0.0012370416661724448,
    "primary_category_fashion_bolsas_e_acessorios": 0.0019075011368840933,
    "primary_category_fashion_calcados": 0.0017742771888151765,
    "primary_category_fashion_esporte": 0.0,
    "primary_category_fashion_roupa_feminina": 0.0,
    "primary_category_fashion_roupa_infanto_juvenil": 0.0,
    "primary_category_fashion_roupa_masculina": 0.0,
    "primary_category_fashion_underwear_e_moda_praia": 0.0,
    "primary_category_ferramentas_jardim": 0.0018142493208870292,
    "primary_category_flores": 0.0,
    "primary_category_fraldas_higiene": 0.0,
    "primary_category_industria_comercio_e_negocios": 0.0,
    "primary_category_informatica_acessorios": 0.003028181381523609,
    "primary_category_instrumentos_musicais": 0.0004705332685261965,
    "primary_category_la_cuisine": 0.0,
    "primary_category_livros_importados": 0.0,
    "primary_category_livros_interesse_geral": 0.0008182437741197646,
    "primary_category_livros_tecnicos": 0.0,
    "primary_category_malas_acessorios": 0.0038689265493303537,
    "primary_category_market_place": 0.0,
    "primary_category_moveis_colchao_e_estofado": 0.0,
    "primary_category_moveis_cozinha_area_de_servico_jantar_e_jardim": 0.0,
    "primary_category_moveis_decoracao": 0.0020793061703443527,
    "primary_category_moveis_escritorio": 0.01235938724130392,
    "primary_category_moveis_quarto": 0.0,
    "primary_category_moveis_sala": 0.0017690460663288832,
    "primary_category_musica": 0.0,
    "primary_category_papelaria": 0.002341041574254632,
    "primary_category_pc_gamer": 0.0,
    "primary_category_pcs": 0.0,
    "primary_category_perfumaria": 0.00015517580322921276,
    "primary_category_pet_shop": 0.0,
    "primary_category_portateis_casa_forno_e_cafe": 0.0,
    "primary_category_relogios_presentes": 0.0024489066563546658,
    "primary_category_seguros_e_servicos": 0.0,
    "primary_category_sinalizacao_e_seguranca": 0.0,
    "primary_category_tablets_impressao_imagem": 0.0,
    "primary_category_telefonia": 0.002072716597467661,
    "primary_category_telefonia_fixa": 0.0,
    "primary_category_utilidades_domesticas": 0.001998345600441098,
    "payment_type_primary___missing__": 0.0008345149108208716,
    "payment_type_primary_boleto": 0.008802507072687149,
    "payment_type_primary_credit_card": 0.005078133195638657,
    "payment_type_primary_debit_card": 0.0,
    "payment_type_primary_voucher": 0.0007475269958376884,
    "seller_state_AM": 0.0,
    "seller_state_BA": 0.0,
    "seller_state_CE": 0.0,
    "seller_state_DF": 0.001075626234523952,
    "seller_state_ES": 0.0011167554184794426,
    "seller_state_GO": 0.0,
    "seller_state_MA": 0.00275273690931499,
    "seller_state_MG": 0.0037815566174685955,
    "seller_state_MS": 0.000997343915514648,
    "seller_state_MT": 0.0,
    "seller_state_PA": 0.0,
    "seller_state_PB": 0.0,
    "seller_state_PE": 0.0010577847715467215,
    "seller_state_PI": 0.0,
    "seller_state_PR": 0.003566450672224164,
    "seller_state_RJ": 0.0038838558830320835,
    "seller_state_RN": 0.0,
    "seller_state_RO": 0.0,